sp,x,y,CV_TEMP,DRAINAGE_DENS,DS_AVGRIPTRECOV,DS_AVGSLOPE,DS_MINCOLDP_TEMP,MAXWARMP_TEMP,MEAN_MRVBF,NONATVEG,SLOPE_PERCENT,TOTLENGTH_UCA,TRECOV,UC_CV_PPT,UC_RIP_TRECOV,UC_ROAD_DENS,UC_SOLDEPTH,UC_TWI,UCWARMQT_PPT,US_MAXSLOPE,RIV
gadbis,1,1,1.79,2.1931,0.5316,0.0454,2.413,30.5423,3.1552,0.8059,0.2614,336.3986,0.1424,31.103,0.6084,2.567,0.9,9.4906,165.9345,28.7762,4
gadbis,2,2,1.7862,1.9229,0.5191,0.0496,2.4162,30.1544,3.5268,0.8207,0.1444,466.2424,0.1592,30.4269,0.7922,1.2166,1.2212,9.5627,169.0903,61.5138,4
gadbis,3,3,1.7593,2.2063,0.5334,0.0528,2.4173,30.373,4.4605,0.5641,0.2507,1729.9813,0.3829,33.153,0.86,0.9342,1.1519,9.0372,191.9493,76.3466,4
gadbis,4,4,1.75,2.2385,0.5367,0.056,2.4188,30.1714,0,0.1429,0,20.5311,0.8572,31.6908,0.5894,1.4346,1.0048,9.2934,158.8151,76.3466,4
gadbis,5,5,1.7402,1.761,0.5185,0.0863,2.4168,28.5656,0.1581,0.0594,12.3625,0.8777,0.9406,29.1918,0.9726,2.1161,1.4,9.0465,155.9133,41.9068,4
gadbis,6,6,1.7386,1.8279,0.6142,0.1258,2.4647,28.8216,0.6336,0.012,1.198,143.9018,0.5749,30.4285,0.9818,1.2117,1.3373,9.383,179.4166,42.893,1
gadbis,7,7,1.7386,1.8279,0.6142,0.1258,2.4647,28.8216,0.6336,0.012,1.198,143.9018,0.5749,30.4285,0.9818,1.2117,1.3373,9.383,179.4166,42.893,1
gadbis,8,8,1.7386,1.8279,0.6142,0.1258,2.4647,28.8216,0.6336,0.012,1.198,143.9018,0.5749,30.4285,0.9818,1.2117,1.3373,9.383,179.4166,42.893,1
gadbis,9,9,1.7332,1.9297,0.5188,0.0753,2.4161,29.1495,1.2654,0.531,0.7002,189.7405,0.434,31.5637,0.9298,1.2546,1.3838,9.1678,182.7865,61.5138,4
gadbis,10,10,1.7393,1.8311,0.6129,0.1274,2.4637,28.8778,0.9215,0,0.6118,142.7006,0.7485,30.4417,0.9874,1.2091,1.3366,9.3818,179.6531,42.893,1
gadbis,11,11,1.7393,1.8311,0.6129,0.1274,2.4637,28.8778,0.9215,0,0.6118,142.7006,0.7485,30.4417,0.9874,1.2091,1.3366,9.3818,179.6531,42.893,1
gadbis,12,12,1.7221,1.8303,0.6229,0.1633,2.4538,28.168,0.4506,0,1.0117,128.3523,1,30.5747,0.987,1.2652,1.3296,9.4061,181.5403,42.893,1
gadbis,13,13,1.72,2.1379,0.5423,0.0618,2.4223,29.7447,2.7271,0.5155,0.4555,1276.2881,0.4517,33.0691,0.934,0.8375,1.1985,8.8442,197.8321,76.3466,4
gadbis,14,14,1.7184,1.8957,0.5233,0.0918,2.4112,28.4814,0.6222,0.0508,1.2018,150.238,0.9492,31.671,0.9696,1.2459,1.3799,9.0813,186.1459,61.5138,4
gadbis,15,15,1.74,2.0247,0.6288,0.07,2.475,29.4,2.9553,0,0.1954,277.0568,1,29.1031,0.9,1.7577,1.2307,9.2586,173.3769,45.7856,1
gadbis,16,16,1.7165,1.7996,0.6288,0.1825,2.4446,27.6985,0.1789,0,1.9224,115.3414,1,30.678,0.9855,1.3001,1.3229,9.4529,182.7628,42.893,1
gadbis,17,17,1.7074,2.1739,0.5443,0.065,2.4234,29.4739,0.9524,0.1989,0.424,1.5922,0.8011,34.9607,0.5567,2.0037,0.9,9.675,170.1158,76.3466,4
gadbis,18,18,1.7,2.2297,0.5394,0.0758,2.4221,28.6242,0.2517,0.0048,2.5498,18.1365,0.9952,33.0875,0.9707,0.4187,1.4,8.8106,182.0579,54.0318,4
gadbis,19,19,1.73,1.9982,0.6292,0.0883,2.4721,29.1047,0.9037,0.5133,0.9992,222.7625,0.4599,29.1923,0.8931,2.0332,1.1922,9.2972,175.8093,35.4906,1
gadbis,20,20,1.7283,1.9908,0.6292,0.0897,2.4718,29.017,1.201,0.5707,0.8385,220.3277,0.4092,29.2012,0.895,2.0396,1.1907,9.2988,175.9653,35.4906,1
gadbis,21,21,1.7274,1.9923,0.629,0.0914,2.4714,29.0139,0.9931,0.6187,1.0007,219.181,0.3813,29.207,0.8978,2.0453,1.1895,9.2973,176.1178,35.4906,1
gadbis,22,22,1.7274,1.9923,0.629,0.0914,2.4714,29.0139,0.9931,0.6187,1.0007,219.181,0.3813,29.207,0.8978,2.0453,1.1895,9.2973,176.1178,35.4906,1
gadbis,23,23,1.7,2.1278,0.5458,0.0673,2.424,29.4222,4.1982,0.3671,0.6082,587.3907,0.6101,32.9298,0.9476,0.7977,1.2175,8.802,199.2715,76.3466,4
gadbis,24,24,1.7,1.8607,0.5337,0.1293,2.3983,27.1896,0.2394,0,1.7917,114.1989,1,31.9238,0.9833,1.4165,1.374,9.1184,189.556,61.5138,4
gadbis,25,25,1.7,2.0994,0.5461,0.0679,2.4241,29.3642,4.253,0.1826,0.6647,499.1469,0.7571,32.7042,0.9653,0.7948,1.2129,8.6952,201.308,76.3466,4
gadbis,26,26,1.6987,1.8727,0.5356,0.1354,2.3955,27.3437,0.2796,0,2.5717,101.7797,1,31.9525,0.9812,1.5776,1.3706,9.1668,190.27,61.5138,4
gadbis,27,27,1.6933,2.0855,0.548,0.072,2.4248,29.2008,3.5971,0.5857,0.5124,963.0659,0.4064,32.6699,0.9759,0.7874,1.2118,8.6646,201.9998,76.3466,4
gadbis,28,28,1.71,1.919,0.6279,0.1358,2.458,28.4479,0.2111,0,1.1003,158.8755,1,29.6245,0.9375,2.2574,1.1203,9.4292,180.7275,35.1079,1
gadbis,29,29,1.71,1.919,0.6279,0.1358,2.458,28.4479,0.2111,0,1.1003,158.8755,1,29.6245,0.9375,2.2574,1.1203,9.4292,180.7275,35.1079,1
gadbis,30,30,1.7155,1.9267,0.6251,0.1233,2.4617,28.6117,0.2324,0.5468,2.1037,187.405,0.4532,29.4327,0.9277,2.132,1.1619,9.3343,178.7877,35.4906,1
gadbis,31,31,1.69,2.0849,0.5483,0.0725,2.4248,29.184,3.6609,0.4175,0.536,962.2826,0.5533,32.6686,0.9763,0.7871,1.2119,8.6625,202.017,76.3466,4
gadbis,32,32,1.71,1.9203,0.6284,0.1375,2.4572,28.3384,0.3004,0.3925,1.1466,158.4903,0.6075,29.6327,0.9373,2.2576,1.1194,9.4306,180.8047,35.1079,1
gadbis,33,33,1.69,2.3387,0.5468,0.0722,2.4221,29.1857,3.9132,0.6905,1.0881,125.3741,0.3096,34.1173,0.9076,0.5991,1.2495,9.2718,188.8857,35.7381,4
gadbis,34,34,1.69,1.8557,0.5409,0.1526,2.3863,26.9142,0.3407,0,1.0726,87.0422,1,32.0918,0.978,1.7325,1.366,9.1885,191.4428,40.4061,4
gadbis,35,35,1.702,1.8904,0.6333,0.1535,2.4483,27.8914,0.3019,0,1.8069,128.6269,1,30.0099,0.9348,2.1983,1.0596,9.5501,183.786,35.1079,1
gadbis,36,36,1.6881,1.8833,0.5466,0.1681,2.3747,26.7623,0.4997,0,1.6513,48.6286,1,32.1867,0.9621,2.5054,1.3382,9.2056,193.5204,34.4204,4
gadbis,37,37,1.68,2.0549,0.5527,0.079,2.4239,28.6099,1.5745,0.0407,0.7179,759.8773,0.9303,32.6857,0.9903,0.6875,1.2009,8.5358,205.5314,60.6092,4
gadbis,38,38,1.6756,2.0419,0.556,0.083,2.422,28.4264,0.2972,0,0.5008,699.8456,1,32.6497,0.9908,0.6849,1.2003,8.4986,206.7031,60.6092,4
gadbis,39,39,1.676,2.0401,0.557,0.0865,2.4214,28.4226,0.461,0,3.1742,694.1105,1,32.6491,0.9907,0.6854,1.1999,8.4967,206.8542,60.6092,4
gadbis,40,40,1.7,1.9197,0.7402,0.1391,2.4904,29.0043,0.3254,0.6354,1.3702,345.9967,0.3566,32.4289,0.4399,1.5761,0.9,10.1426,150.798,22.9778,1
gadbis,41,41,1.67,2.0373,0.5588,0.0892,2.4201,28.1352,0.123,0.0032,0.8172,687.568,0.9963,32.6439,0.9906,0.6752,1.1999,8.4948,206.9995,60.6092,4
gadbis,42,42,1.6693,2.0378,0.561,0.1005,2.4171,28.0162,0.8058,0.0341,6.3835,680.5496,0.5912,32.6375,0.9908,0.6654,1.1999,8.4935,207.2411,60.6092,4
gadbis,43,43,1.66,2.0465,0.5566,0.1031,2.4098,28.0436,1.3366,0.0128,0.831,515.9683,0.8462,32.6819,0.9987,0.583,1.2,8.4246,210.5075,60.6092,4
gadbis,44,44,1.66,2.0458,0.5598,0.1065,2.4052,27.442,0.1134,0,0.4709,507.3575,0.9949,32.6804,0.9988,0.5845,1.2,8.425,210.916,60.6092,4
gadbis,45,45,1.66,2.0456,0.5589,0.1057,2.4065,27.4908,0.234,0,0.4649,510.1663,1,32.6807,0.9989,0.5841,1.2,8.4247,210.7776,60.6092,4
gadbis,46,46,1.66,2.0456,0.5589,0.1057,2.4065,27.4908,0.234,0,0.4649,510.1663,1,32.6807,0.9989,0.5841,1.2,8.4247,210.7776,60.6092,4
gadbis,47,47,1.62,2.0972,0.5826,0.1485,2.3441,25.6194,0.3706,0,1.0545,225.1393,1,32.3355,0.9999,0.6306,1.2,8.3554,221.0099,60.6092,4
gadbis,48,48,1.62,1.9988,0.3778,0.1729,2.4949,26.4702,0.1806,0.2246,1.1744,170.2392,0.7392,31.6617,0.9973,1.4431,1.2,8.495,215.1642,56.5685,1
gadbis,49,49,1.6206,2.1116,0.3632,0.141,2.536,27.3379,0.2292,0.5567,1.0161,507.2233,0.3981,30.1355,0.7899,1.1801,1.0913,9.0117,189.52,56.5685,1
gadbis,50,50,1.6239,2.1144,0.3625,0.1385,2.5396,27.576,1.5081,0.905,0.7355,531.7344,0.057,30.0881,0.7787,1.1617,1.0925,9.0276,188.4416,56.5685,1
gadbis,51,51,1.6289,2.1425,0.3611,0.1306,2.5539,27.8668,2.9317,0.7135,0.3853,648.2641,0.2531,29.8314,0.677,1.1613,1.0677,9.2789,183.2015,56.5685,1
gadbis,52,52,1.6204,2.1422,0.3597,0.127,2.5628,27.9312,1.3019,0.6601,1.1666,724.4246,0.1621,29.5391,0.618,1.1497,1.05,9.3771,180.0539,56.5685,1
gadbis,53,53,1.6256,2.1474,0.3584,0.1234,2.5695,27.9201,1.2017,0.4864,0.3425,768.3683,0.4667,29.4264,0.604,1.1313,1.0418,9.3825,178.5092,56.5685,1
gadbis,54,54,1.58,2.0614,0.3762,0.0766,2.5881,28.3567,1.8219,0.5321,0.0345,1572.1204,0.3396,21.586,0.6366,1.675,1.0647,9.3513,185.2274,54.8854,1
gadbis,55,55,1.56,2.0463,0.3802,0.1073,2.6028,27.7527,1.5626,0.9104,0.417,612.7976,0.0214,20.3017,0.7757,2.0516,1.2881,9.353,179.7207,42.2173,1
gadbis,56,56,1.6076,2.0977,0.3979,0.0859,2.6275,28.5,5.3209,0.845,0.3544,338.2921,0.155,34.262,0.8538,1.0979,1.1566,9.3301,209.5191,56.5685,1
gadbis,57,57,1.6022,2.1157,0.3969,0.0857,2.6271,28.5,4.0508,0.5106,0,351.56,0.4767,34.0535,0.844,1.1061,1.149,9.3853,207.5454,56.5685,1
gadbis,58,58,1.5971,2.1578,0.3919,0.0809,2.6227,28.303,2.0643,0.8251,0.5333,85.7534,0.1201,27.3661,0.6523,2.5335,0.9,9.4459,159.8466,26.6255,1
gadbis,59,59,1.5843,2.1376,0.3976,0.1211,2.6211,27.2693,0.2376,0.194,1.4884,31.8749,0.7991,29.1535,0.9743,2.7329,0.9,9.1778,182.8879,42.4264,1
gadbis,60,60,1.55,2.0258,0.3794,0.111,2.6108,27.5754,1.2232,0.5879,0.1884,554.6188,0.3588,20.3273,0.8037,2.1651,1.316,9.4098,182.6971,42.2173,1
gadbis,61,61,1.58,2.1924,0.3996,0.1345,2.6202,27.0441,0.358,0.1282,4.2105,26.9424,0.8718,29.4663,0.9969,2.7745,0.9,9.2343,186.6099,33.8337,1
gadbis,62,62,1.5574,2.0144,0.3762,0.0791,2.6125,28.094,2.8925,0.6268,0,1194.6429,0.3352,21.3882,0.7303,1.7688,1.1118,9.2905,196.0779,54.8854,1
gadbis,63,63,1.59,2.0116,0.3974,0.0884,2.6279,28.1795,2.5402,0.7199,0.4084,290.1996,0.2718,34.8557,0.9289,1.0715,1.1837,9.2173,216.3023,56.5685,1
gadbis,64,64,1.58,1.9211,0.3609,0.1244,2.5644,27.6824,1.5803,0.0905,2.6549,0.6163,0.6062,31.5636,0.7926,4.6196,1.2,9.2738,161.8791,71.2454,1
gadbis,65,65,1.58,1.9728,0.3612,0.1214,2.5652,27.6422,1.5698,0.2255,0.001,2190.3266,0.3753,32.1483,0.9853,0.8323,1.2,8.1899,207.5139,71.2454,1
gadbis,66,66,1.58,2.1202,0.392,0.0802,2.6294,28.2897,4.2772,0.6339,0.0095,1358.203,0.2536,30.6347,0.8915,1.8283,1.0795,9.4146,212.2845,74.5266,1
gadbis,67,67,1.5773,1.9861,0.3638,0.1259,2.5339,27.2623,0.1071,0,0.3402,691.5398,0.9597,32.1071,0.991,0.6933,1.2,8.2176,206.285,70.5683,1
gadbis,68,68,1.58,1.9807,0.3604,0.1221,2.5496,27.5932,1.628,0.744,0.0022,737.4811,0.1401,32.145,0.9831,0.7151,1.2,8.2317,204.1386,70.5683,1
gadbis,69,69,1.55,1.9704,0.3735,0.0866,2.6224,27.8385,1.2187,0.635,0.2559,483.6258,0.1431,26.1972,0.8489,1.7554,0.9839,9.2672,209.5603,40.5577,1
gadbis,70,70,1.5353,2.0144,0.3844,0.1145,2.6206,27.1248,1.0026,0.3907,0.2956,450.6661,0.5955,20.3728,0.8918,2.2957,1.3999,9.5117,188.681,42.2173,1
gadbis,71,71,1.5796,1.9717,0.3597,0.1206,2.5604,27.506,0.654,0.0527,0.049,2180.9312,0.7349,32.1489,0.9864,0.8293,1.2,8.1863,207.665,71.2454,1
gadbis,72,72,1.57,0.8361,0.3874,0.1598,2.4739,25.7115,0.0967,0,5.0515,0.099,1,32.2973,1,5.5841,1.2,8.132,181.625,70.5683,1
gadbis,73,73,1.5702,1.9784,0.3599,0.1203,2.5588,27.5479,1.3334,0.3847,0,765.7224,0.5541,32.151,0.974,0.7513,1.2,8.2631,202.776,70.5683,1
gadbis,74,74,1.58,2.8379,0.4074,0.1617,2.6159,27.2121,0.0169,0,13.6608,2.1341,1,34.8335,1,0.857,1.2,8.6814,184.1505,51.6947,1
gadbis,75,75,1.5796,1.8898,0.4074,0.1467,2.6159,27.066,0.2497,0,2.3264,227.6268,1,35.4607,0.9991,1.0548,1.2,9.1715,226.2214,51.6947,1
gadbis,76,76,1.54,1.9662,0.3711,0.089,2.6291,27.6775,1.3085,0.8866,0.2394,448.5751,0.0981,26.4224,0.8817,1.7769,0.9902,9.2808,213.5377,40.5577,1
gadbis,77,77,1.5781,1.8794,0.4139,0.179,2.6038,26.7481,0.2637,0.0064,2.1533,215.8112,0.9936,35.5363,0.9991,1.0454,1.2,9.1831,228.5157,51.6947,1
gadbis,78,78,1.52,2.0007,0.3886,0.1181,2.6298,27.0067,0.8143,0.2495,0.6971,391.8677,0.6418,20.4653,0.9383,2.3572,1.4416,9.5842,192.3596,42.2173,1
gadbis,79,79,1.53,2.0115,0.3842,0.0808,2.631,27.6517,1.4475,0.4262,0.1421,785.0651,0.5201,20.0073,0.7797,1.88,1.1955,9.3077,199.857,54.8854,1
gadbis,80,80,1.56,2.1577,0.3938,0.0898,2.6319,27.6665,2.2288,0.3041,1.3514,164.9979,0.5955,33.8304,0.9667,1.0509,1.1619,9.1112,210.6805,72.3148,1
gadbis,81,81,1.52,1.9936,0.3907,0.1195,2.633,26.837,0.4762,0.3266,0.4672,374.6927,0.6722,20.4974,0.943,2.3689,1.4482,9.6182,193.4241,42.2173,1
gadbis,82,82,1.54,1.9934,0.3917,0.1393,2.6454,26.1934,0.2679,0,2.7891,31.7799,1,29.4057,0.9971,2.3484,0.9,9.3703,200.8323,23.6881,1
gadbis,83,83,1.5574,1.9375,0.3938,0.1538,2.4503,25.6824,0.144,0,0.8602,294.6644,0.9957,31.5731,0.9999,0.7932,1.2,8.2519,219.6826,67.227,1
gadbis,84,84,1.55,2.0215,0.3945,0.156,2.4492,26.2063,0.1609,0,1.6373,88.1326,1,31.8946,1,0.7883,1.2,8.2095,211.6967,67.227,1
gadbis,85,85,1.5491,2.0614,0.3917,0.0883,2.6365,27.707,2.9841,0.9196,1.25,47.8512,0.0784,28.93,0.8235,2.5957,0.9,9.325,177.9946,74.5266,1
gadbis,86,86,1.52,2.0063,0.3868,0.082,2.6393,27.5459,2.2375,0.793,0.1901,770.9113,0.1907,19.991,0.7871,1.8986,1.2001,9.3038,200.5265,54.8854,1
gadbis,87,87,1.51,2.0035,0.3887,0.0858,2.6444,27.5,1.4191,0.75,0.9357,760.616,0.25,19.9876,0.792,1.8949,1.2037,9.2947,201.0582,54.8854,1
gadbis,88,88,1.55,1.975,0.3759,0.1229,2.5549,26.8324,0.2234,0,0.443,961.982,0.9957,32.9509,0.9965,1.2489,1.2,8.4415,221.8476,66.1155,1
gadbis,89,89,1.54,2.0684,0.4123,0.145,2.6226,26.2444,0.8071,0,2.775,99.2772,1,34.5596,0.9977,1.1073,1.2,9.1973,225.4311,72.3148,1
gadbis,90,90,1.54,2.338,0.4138,0.1588,2.6208,25.9389,0.2171,0,6.802,4.8323,1,33.5535,1,0,1.2,8.6617,197.0749,72.3148,1
gadbis,91,91,1.54,1.9747,0.3882,0.1306,2.5017,26.95,0.1834,0,0,1197.4053,0.931,31.9589,0.9971,0.8979,1.2,8.1308,215.1357,71.2454,1
gadbis,92,92,1.5,1.9249,0.3973,0.0929,2.6576,26.9369,0.6559,0.6528,1.5187,16.8956,0.3445,20.3359,0.3651,1.3594,0.9,9.0305,170.5261,54.8854,1
gadbis,93,93,1.5,1.9249,0.3973,0.0929,2.6576,26.9369,0.6559,0.6528,1.5187,16.8956,0.3445,20.3359,0.3651,1.3594,0.9,9.0305,170.5261,54.8854,1
gadbis,94,94,1.495,1.9781,0.404,0.1322,2.6475,26.3116,0.5655,0.1279,0.6943,209.4274,0.8721,20.0256,0.91,2.488,1.4984,9.8576,199.8479,34.9818,1
gadbis,95,95,1.5419,1.9765,0.3803,0.1243,2.5474,26.5719,0.0913,0,0.4015,940.309,1,32.938,0.9964,1.2466,1.2,8.4491,222.6346,66.1155,1
gadbis,96,96,1.5256,2.1561,0.3983,0.0935,2.6388,27.183,1.2504,0.5889,1.2822,32.9903,0.3815,32.4402,0.9551,1.5227,1.1338,8.9725,192.9653,74.5266,1
gadbis,97,97,1.54,1.9824,0.3936,0.1326,2.4899,26.6326,0.1335,0,0.2429,1029.2291,0.9727,31.7883,0.9975,0.9698,1.2,8.1364,218.0817,68.1538,1
gadbis,98,98,1.4907,1.9897,0.3972,0.0932,2.6595,26.9788,1.4826,0.8871,1.1114,99.4856,0.1061,23.3076,0.8929,2.2436,1.1111,9.3155,218.082,44.1932,1
gadbis,99,99,1.5016,1.9011,0.396,0.1244,2.6523,26.6779,0.3549,0,0.7727,208.3192,1,26.47,1,1.9023,1.0878,9.1769,237.8424,40.5577,1
gadbis,100,100,1.488,1.9675,0.3998,0.0963,2.6623,26.9297,1.6856,0.7568,1.3108,46.7377,0.2432,20.6401,0.9007,2.3072,1.2679,9.3865,210.3707,28.1142,1
gadbis,101,101,1.4831,2.0845,0.4102,0.1384,2.6525,26.0108,1.5732,0.0962,0.2954,90.4124,0.9039,19.4006,0.9198,3.5975,1.5,9.737,194.3711,30.1681,1
gadbis,102,102,1.4801,1.9984,0.4018,0.0933,2.667,26.8442,1.3815,0.8368,0.1804,517.4592,0.1584,19.1511,0.8014,1.8025,1.2695,9.2903,201.7593,54.8854,1
gadbis,103,103,1.53,1.9975,0.3918,0.1413,2.5329,26.3062,0.265,0,1.1577,62.3781,1,34.0623,1,1.4503,1.2,8.1842,203.1278,34.1757,1
gadbis,104,104,1.51,2.0973,0.4054,0.0952,2.6407,26.9657,0,0.2286,0,508.4571,0.7715,28.7886,0.9594,1.9588,1.0863,9.5013,224.4022,52.6508,1
gadbis,105,105,1.53,1.9831,0.3918,0.1308,2.5281,26.3159,0.1438,0,0.3983,887.0319,1,32.8928,0.9962,1.2657,1.2,8.4667,224.4232,66.1155,1
gadbis,106,106,1.53,1.9812,0.3995,0.1338,2.4771,26.6896,0.2816,0,0.2785,1009.0205,0.957,31.771,0.998,0.9789,1.2,8.1367,218.6427,58.8073,1
gadbis,107,107,1.4829,1.6963,0.4168,0.1574,2.6565,25.1602,0.1336,0,10.8581,1.8456,1,20.5507,1,3.0219,1.5,9.3353,195.1217,20.0435,1
gadbis,108,108,1.53,1.9821,0.3939,0.1314,2.5246,26.5122,0.2478,0,0.0534,851.1507,1,32.843,0.996,1.2884,1.2,8.4861,225.0791,66.1155,1
gadbis,109,109,1.5301,1.9983,0.4019,0.1369,2.4721,26.1164,0.1171,0,2.1238,44.6419,1,33.8774,1,0.6836,1.2,8.0578,208.8196,53.629,1
gadbis,110,110,1.5256,1.9006,0.4025,0.1371,2.4709,26.1739,0.1006,0,1.3699,123.2858,1,33.4956,0.9985,1.1183,1.2,8.1228,218.1844,50.0438,1
gadbis,111,111,1.48,1.9729,0.408,0.127,2.6693,26.0291,0.4965,0,2.4615,20.4293,1,23.9156,1,2.759,1.4324,9.2675,235.6671,44.1932,1
gadbis,112,112,1.521,1.9928,0.404,0.1363,2.4658,26.4355,0.3035,0,0,827.0687,0.9267,31.3782,0.9987,0.9664,1.2,8.1403,219.7133,58.8073,1
gadbis,113,113,1.4642,1.9888,0.4062,0.1086,2.6768,26.6243,1.9352,0.419,0,282.072,0.5809,19.1532,0.9113,2.2219,1.416,9.2873,219.8853,41.719,1
gadbis,114,114,1.4642,1.9888,0.4062,0.1086,2.6768,26.6243,1.9352,0.419,0,282.072,0.5809,19.1532,0.9113,2.2219,1.416,9.2873,219.8853,41.719,1
gadbis,115,115,1.4797,1.9797,0.4088,0.1305,2.6694,25.6324,0.2863,0,2.7139,19.2612,1,24.0705,1,2.7748,1.4666,9.2385,238.3673,33.9962,1
gadbis,116,116,1.46,1.9472,0.408,0.1113,2.6796,26.4672,1.1906,0.287,0.88,177.627,0.7131,19.7903,0.9242,2.5028,1.4267,9.3447,229.6534,41.719,1
gadbis,117,117,1.4535,1.9455,0.4128,0.1184,2.6848,26.3092,0.8448,0,1.1161,168.5406,1,19.847,0.9203,2.4691,1.432,9.3619,231.247,41.719,1
gadbis,118,118,1.4892,1.9143,0.4119,0.1129,2.6357,26.1285,1.0118,0.4177,0.5957,245.3684,0.5823,32.7574,0.9679,1.782,1.1933,9.1146,234.464,43.5263,1
gadbis,119,119,1.45,1.9761,0.421,0.1349,2.6933,25.74,0.2512,0,2.6118,4.2297,1,17.4246,1,2.3746,1.5,8.9729,206.0022,11.6062,1
gadbis,120,120,1.4438,1.8904,0.4229,0.1291,2.6931,25.6419,0.3289,0.068,1.2948,38.9103,0.932,17.5469,0.8311,2.8978,1.5,9.4738,216.493,41.719,1
gadbis,121,121,1.4805,1.8557,0.4177,0.1535,2.6288,25.1499,0.2068,0,2.645,123.8435,1,33.5939,1,1.4882,1.2,8.8938,240.5127,42.6656,1
gadbis,122,122,1.4805,1.8557,0.4177,0.1535,2.6288,25.1499,0.2068,0,2.645,123.8435,1,33.5939,1,1.4882,1.2,8.8938,240.5127,42.6656,1
gadbis,123,123,1.4613,1.891,0.4509,0.2063,2.6976,23.8903,0.1536,0,2.8886,9.6495,1,24.3585,1,1.6506,1.4255,9.3639,250.3315,16.2743,1
gadbis,124,124,1.44,1.9669,0.4273,0.1359,2.6971,25.7626,1.4235,0.036,1.2036,103.1103,0.9639,21.0991,0.9384,2.3839,1.3876,9.3921,241.1429,24.8153,1
gadbis,125,125,1.44,1.9815,0.4281,0.1371,2.6977,25.6256,1.449,0.0528,1.0639,99.2433,0.9471,21.2441,0.936,2.3614,1.3824,9.3511,242.7822,24.8153,1
gadbis,126,126,1.4903,1.9867,0.4231,0.1535,2.4618,25.4852,0.0909,0,0.4916,668.0011,1,32.6693,0.995,1.2975,1.2,8.5949,228.8618,66.1155,1
gadbis,127,127,1.5065,0.3937,0.429,0.2062,2.3959,24.9844,0.0103,0,34.2327,0.0707,1,31.1359,1,5.7009,1.2,7.6471,208.6682,58.8073,1
gadbis,128,128,1.45,2.0913,0.4351,0.1102,2.6428,26,2.1583,0.4967,1.0384,153.8974,0.5033,28.4714,0.987,1.2782,1.1946,9.2933,242.2977,52.6508,1
gadbis,129,129,1.44,1.8698,0.4414,0.1146,2.6452,25.8974,2.6058,0.315,0,69.8358,0.6851,26.9461,0.9618,2.1179,1.1679,9.7585,229.5593,30.4466,1
gadbis,130,130,1.4373,2.0912,0.4454,0.1279,2.6393,25.0255,0.71,0,1.2944,115.706,1,28.0434,1,1.0917,1.2,9.114,249.1512,52.6508,1
gadbis,131,131,1.4252,1.8993,0.4475,0.1245,2.6415,25.3093,0.5732,0,1.3354,21.6517,1,26.5532,1,1.3175,1.2,9.2712,239.6253,30.4466,1
gadbis,132,132,1.4223,2.8586,0.4482,0.1305,2.6413,25.2599,0.5842,0,5.0349,1.1892,1,26.9125,1,1.092,1.2,9.1991,230.2288,30.4466,1
gadbis,133,133,1.78,1.9633,0.5191,0.0497,2.4164,30.1338,4.0605,0.6836,0.1823,445.8377,0.3164,30.6636,0.8188,1.198,1.2471,9.4082,171.0842,61.5138,4
gadbis,134,134,1.78,1.9633,0.5191,0.0497,2.4164,30.1338,4.0605,0.6836,0.1823,445.8377,0.3164,30.6636,0.8188,1.198,1.2471,9.4082,171.0842,61.5138,4
gadbis,135,135,1.7482,2.1821,0.5362,0.0561,2.4186,30.0268,0.8854,0.0729,1.1756,1497.9369,0.9126,33.0865,0.8812,0.9267,1.1775,8.9942,194.0574,76.3466,4
gadbis,136,136,1.59,1.925,0.3997,0.1056,2.6261,27.7783,0.7831,0.3641,1.5945,249.6677,0.6102,35.2578,0.9819,1.067,1.1987,9.1484,222.1584,56.5685,1
gadbis,137,137,1.5002,1.9999,0.392,0.0881,2.6508,27.3144,0.6732,0.716,0.2771,721.3463,0.2819,19.8808,0.7947,1.8799,1.2197,9.3042,202.3336,54.8854,1
gadbis,138,138,1.49,1.9899,0.4238,0.1541,2.4605,25.5791,0.1608,0,0.7392,659.8406,1,32.6678,0.9949,1.29,1.2,8.6022,229.0336,66.1155,1
gadbis,139,139,1.45,2.0498,0.4218,0.1365,2.694,25.8,1.9891,0,1.2907,2.2425,1,17.7814,1,2.7086,1.5,8.9106,211.6848,11.6062,1
gadbis,140,140,1.702,1.9752,0.5343,0.1357,2.4046,27.5941,0.2607,0,2.4339,57.1443,1,32.5006,0.9961,1.003,1.4,9.1497,187.714,40.6057,4
gadbis,141,141,1.6597,2.0372,0.5625,0.1292,2.4012,27.1795,0.0978,0,3.711,9.9904,1,33.0581,1,0.4935,1.2,8.6593,192.4208,24.7891,4
gadbis,142,142,1.5164,1.9889,0.4099,0.1405,2.4523,26.2248,0.0893,0,1.5516,809.9697,0.9562,31.3565,0.9992,0.9652,1.2,8.1394,220.1311,58.8073,1
gadbis,143,143,1.51,2.005,0.4104,0.155,2.4512,26.4617,0.2734,0,13.8512,656.8938,0.9531,31.1762,0.9991,1.0345,1.2,8.1397,220.8991,58.8073,1
gadbis,144,144,1.8882,1.9129,0.119,0.1209,1.9629,30.2903,0.6803,0.1032,0.9283,306.1004,0.6919,28.3093,0.9383,0.9676,1.0011,9.1418,176.4911,54.9575,4
gadbis,145,145,1.8857,1.9048,0.1225,0.1243,1.9602,30.1558,0.4851,0.2188,0.7159,281.8988,0.7372,28.4538,0.935,1.0073,1.0019,9.1769,177.311,54.9575,4
gadbis,146,146,1.8857,1.9048,0.1225,0.1243,1.9602,30.1558,0.4851,0.2188,0.7159,281.8988,0.7372,28.4538,0.935,1.0073,1.0019,9.1769,177.311,54.9575,4
gadbis,147,147,1.8828,1.9035,0.1272,0.1325,1.9576,30.1778,0.3744,0.0993,1.5745,276.477,0.8392,28.5032,0.9345,1.0229,1.0022,9.1854,177.5601,54.9575,4
gadbis,148,148,1.8792,1.9073,0.1404,0.1561,1.9479,29.9562,0.2162,0,1.9813,261.6964,1,28.5539,0.9313,1.0665,1.0024,9.2244,177.7511,54.9575,4
gadbis,149,149,1.878,1.9044,0.1452,0.1659,1.9447,29.8447,0.3143,0,1.9434,260.5338,1,28.5625,0.931,1.0688,1.0024,9.2267,177.7958,54.9575,4
gadbis,150,150,1.8797,1.9023,0.1545,0.1846,1.9393,30.0033,0.6281,0,1.5884,246.6407,1,28.6036,0.9271,1.1172,1.0025,9.2581,177.9985,37.5058,4
gadbis,151,151,1.8738,1.8976,0.1681,0.2156,1.9287,29.5082,0.0906,0,2.4088,242.0597,1,28.6499,0.9258,1.1278,1.0025,9.2706,178.237,37.5058,4
gadbis,152,152,1.8545,1.9249,0.2074,0.1429,1.5762,29.0876,0.616,0.4814,2.3433,60.7941,0.3289,28.87,0.989,0.3615,1.192,8.822,200.0214,54.58,4
gadbis,153,153,1.8492,1.8347,0.2184,0.1823,1.5578,28.7984,0.246,0,3.6419,50.6624,1,29.2819,1,0.1931,1.2,8.7135,203.6222,54.58,4
gadbis,154,154,1.8597,1.9422,0.2002,0.1137,1.5922,29.5582,1.6525,0.7243,1.3772,100.0662,0.1588,27.3736,0.926,0.585,1.1023,9.0788,188.704,54.58,4
gadbis,155,155,1.86,1.9786,0.2003,0.1059,1.5971,29.7594,2.0409,0.6856,1.5196,145.6159,0.203,27.3085,0.844,0.6061,1.1162,9.1285,188.0629,54.58,4
gadbis,156,156,1.87,2.1713,0.178,0.1833,1.9631,30.1531,1.5297,0.5314,2.8362,5.6915,0.3981,25.837,0.6774,0.0831,0.9,9.0858,166.0876,30.291,4
gadbis,157,157,1.8626,1.8639,0.1962,0.196,1.9058,29.8174,0.0928,0.6377,0,143.0926,0.203,29.3663,0.8979,1.0178,1.0026,9.1167,183.1987,77.8765,4
gadbis,158,158,1.86,2.061,0.2109,0.1108,1.4998,29.6742,1.274,0.6031,0.0223,1238.672,0.2293,27.3912,0.8416,0.7161,1.1058,8.8602,209.2952,76.4389,4
gadbis,159,159,1.8478,1.9246,0.2484,0.1276,1.4916,29.0947,0.1812,0.5166,3.6941,15.6008,0.3762,28.3937,0.8047,1.1996,1.1782,8.5244,183.5048,60.487,4
gadbis,160,160,1.8472,2.0211,0.2453,0.1148,1.5084,29.2324,0.3722,0.5836,0.4255,1111.6666,0.342,29.9509,0.8387,1.1033,1.0576,8.9725,189.5742,60.487,4
gadbis,161,161,1.867,2.0455,0.2158,0.1036,1.4996,29.7666,1.8459,0.8851,0.3616,505.6679,0.0633,25.7734,0.8305,0.8447,1.0992,8.9308,192.1323,44.3816,4
gadbis,162,162,1.8601,2.2059,0.1922,0.1475,1.963,30.254,1.8163,0.7696,0.2137,972.6156,0.1859,29.3226,0.6729,0.6663,1.0343,8.8766,185.1732,50.6079,4
gadbis,163,163,1.86,2.2019,0.1965,0.1508,1.958,30.2083,1.7552,0.574,0.5402,962.7154,0.4048,29.3555,0.6773,0.6589,1.0354,8.8703,185.3349,50.6079,4
gadbis,164,164,1.8384,2.001,0.2698,0.1309,1.4465,28.8291,0.243,0.2879,0.3312,698.0739,0.627,30.0022,0.814,1.467,1.0345,9.2156,187.9723,60.487,4
gadbis,165,165,1.8404,2.1155,0.2606,0.1295,1.4594,28.989,0.2675,0.524,0.9146,312.7159,0.031,30.4605,0.9772,0.3282,1.1313,8.3716,198.0391,44.73,4
gadbis,166,166,1.84,2.0248,0.2684,0.134,1.4343,28.9541,1.3229,0.4268,0.3625,451.5691,0.0501,30.5822,0.8365,1.3997,1.0534,9.1423,190.774,48.7882,4
gadbis,167,167,1.8295,1.9479,0.2748,0.1446,1.4033,28.6569,0.6327,0.5884,0.4506,292.052,0.064,31.0482,0.9119,1.0987,1.0904,9.0154,195.137,48.7882,4
gadbis,168,168,1.83,1.9512,0.2759,0.1464,1.3982,28.7054,0.6605,0.5449,0.2648,289.9209,0.2036,31.0677,0.9172,1.0961,1.0922,9.0067,195.3395,48.7882,4
gadbis,169,169,1.83,1.8224,0.2764,0.1492,1.395,28.7089,0.7704,0.6174,0.8537,95.4363,0.0917,31.0708,0.9037,1.2675,1.0472,9.3393,194.933,27.859,4
gadbis,170,170,1.8576,2.1484,0.2307,0.1295,1.4634,29.3426,0.3995,0.368,1.3231,84.9246,0.6115,24.4944,0.7693,1.3192,1.1158,8.8638,179.008,40.0121,4
gadbis,171,171,1.8422,2.2425,0.2122,0.1882,1.8807,29.9012,2.3209,0.5172,0.592,687.1509,0.4598,29.8623,0.7314,0.5841,1.0491,8.7271,188.212,50.6079,4
gadbis,172,172,1.82,2.1165,0.3017,0.1816,1.3804,28.045,0.0308,0,0.7464,226.3869,1,30.699,0.9999,0.3236,1.2,8.3777,203.2829,44.73,4
gadbis,173,173,1.8072,2.5699,0.3031,0.2066,1.3777,27.3355,0.0489,0,12.3374,4.1808,1,30.6518,1,1.2229,1.2,8.2204,194.4384,44.73,4
gadbis,174,174,1.8164,1.9252,0.279,0.1968,1.3771,27.9614,0.0793,0,8.0343,3.3075,1,30.6524,1,0.0479,1.0531,8.011,191.0771,48.7882,4
gadbis,175,175,1.8163,1.8232,0.2865,0.198,1.361,27.9754,0.4429,0.1306,1.5403,58.1916,0.7773,31.5826,0.9905,0.8501,1.0968,8.993,198.5355,27.2861,4
gadbis,176,176,1.8118,1.7344,0.2893,0.2069,1.3571,27.7076,0.2017,0,2.8913,37.123,1,31.7069,1,0.8755,1.0826,9.0562,199.9331,27.2861,4
gadbis,177,177,1.8499,2.0098,0.238,0.0961,1.9431,30.4,4.9757,0.4363,0,4860.2906,0.4056,25.3132,0.8387,0.6171,1.1241,9.033,207.9314,310.3682,4
gadbis,178,178,1.8103,1.9625,0.2493,0.1609,1.4021,27.8999,0.2082,0,2.4617,24.7433,1,30.1539,1,0.2186,1.2,8.2646,194.0099,35.3649,4
gadbis,179,179,1.84,2.1318,0.4554,0.2453,1.9975,30.5,4.9646,0,0,2057.0599,0.6956,33.7119,0.7677,1.0157,1.0193,9.0727,223.6352,73.6465,4
gadbis,180,180,1.828,2.0389,0.3187,0.2127,1.8798,29.4311,0.3745,0.1305,2.969,37.0553,0.8695,31.2477,0.9926,0.9611,0.9,8.4818,183.0587,45.7334,4
gadbis,181,181,1.8144,2.0167,0.2595,0.1531,1.3844,28.4879,2.6302,0.6474,0.0283,661.5226,0.3527,26.4414,0.9878,0.6623,1.1941,8.4444,231.657,76.4389,4
gadbis,182,182,1.8288,2.0026,0.2774,0.0906,1.9133,30.1343,1.3076,0.1033,0.2817,9426.1669,0.8143,25.2327,0.8448,0.6153,1.1303,9.0019,208.8395,310.3682,4
gadbis,183,183,1.8288,2.0026,0.2774,0.0906,1.9133,30.1343,1.3076,0.1033,0.2817,9426.1669,0.8143,25.2327,0.8448,0.6153,1.1303,9.0019,208.8395,310.3682,4
gadbis,184,184,1.81,2.0824,0.2676,0.1758,1.3596,28.1,2.8054,0.0909,2.5461,86.4118,0.9091,29.9465,0.9998,0.3994,1.2,8.2209,202.7093,43.0588,4
gadbis,185,185,1.81,2.1381,0.242,0.3037,1.688,28.8865,1.57,0.8805,0.3754,335.6554,0.0823,31.1482,0.8829,0.519,1.1223,8.5409,196.6349,50.6079,4
gadbis,186,186,1.7983,2.1461,0.2491,0.3591,1.6075,28.0093,0.4101,0.0652,1.294,89.6838,0.4361,31.5613,0.9096,0.3376,1.1927,8.5247,203.5638,50.6079,4
gadbis,187,187,1.7993,2.1306,0.2491,0.3858,1.5896,28.0321,0.7067,0.3469,1.2446,75.8008,0.4299,31.7152,0.9627,0.3081,1.2,8.464,206.7137,50.6079,4
gadbis,188,188,1.7933,2.0727,0.2715,0.1903,1.3489,27.3879,0.0928,0,1.5962,72.1763,1,29.9179,0.9999,0.3149,1.2,8.2008,204.7557,43.0588,4
gadbis,189,189,1.7933,2.0727,0.2715,0.1903,1.3489,27.3879,0.0928,0,1.5962,72.1763,1,29.9179,0.9999,0.3149,1.2,8.2008,204.7557,43.0588,4
gadbis,190,190,1.8191,1.9781,0.3131,0.1151,1.8886,29.9203,1.4719,0.0849,1.4059,119.3385,0.9114,33.4627,0.9729,0.6605,0.9113,8.6342,196.0216,49.3918,4
gadbis,191,191,1.8159,2.0011,0.3128,0.0861,1.8865,29.9643,0.3627,0.1152,0,9158.8654,0.7806,25.0553,0.8442,0.6113,1.1367,9.0003,209.5029,310.3682,4
gadbis,192,192,1.8159,2.0011,0.3128,0.0861,1.8865,29.9643,0.3627,0.1152,0,9158.8654,0.7806,25.0553,0.8442,0.6113,1.1367,9.0003,209.5029,310.3682,4
gadbis,193,193,1.81,2.0025,0.3297,0.0941,1.8703,29.8521,1.1478,0.1779,0.2282,8645.1742,0.7109,24.5232,0.8414,0.6091,1.142,9.0051,209.8254,310.3682,4
gadbis,194,194,1.81,2.0027,0.3332,0.0939,1.866,29.8914,1.1867,0.1624,0,8614.5292,0.7513,24.5081,0.8424,0.6077,1.1428,8.9923,209.9504,310.3682,4
gadbis,195,195,1.7982,2.1122,0.3728,0.153,1.766,29.1836,0.3954,0.4739,0.8229,203.9209,0.4293,29.95,0.8622,0.5992,0.9863,8.5934,186.1826,35.2829,4
gadbis,196,196,1.8,2.0674,0.4796,0.2311,1.9346,30.1677,3.1369,0.6444,0.3541,1614.7056,0.2779,34.302,0.8163,1.0224,1.0474,8.983,233.8666,73.6465,4
gadbis,197,197,1.8,2.0658,0.4821,0.2282,1.9242,30.1642,4.0324,0.6481,0.2528,802.6928,0.2654,34.3298,0.8197,1.0224,1.0481,8.9736,234.1859,73.6465,4
gadbis,198,198,1.7987,2.126,0.3377,0.0927,1.8529,29.6445,1.4318,0.5575,0,47.0932,0.4415,31.8043,0.7503,0.5791,0.9937,8.8065,192.8896,310.3682,4
gadbis,199,199,1.7793,1.9548,0.3992,0.2533,1.6793,28.3599,0.2795,0,2.9923,46.7935,1,31.871,1,0.3498,1.1999,8.2526,206.3842,54.605,4
gadbis,200,200,1.7894,2.0173,0.3385,0.1125,1.8436,29.415,0.7516,0.3592,1.578,96.2964,0.631,33.0777,0.8352,0.6763,1.0417,8.9439,201.0503,60.4674,4
gadbis,201,201,1.79,2.0025,0.3444,0.094,1.8412,29.6281,0.5182,0.0526,0.9571,8364.8544,0.7193,24.3151,0.8447,0.601,1.148,8.9632,210.5326,310.3682,4
gadbis,202,202,1.79,2.0025,0.3444,0.094,1.8412,29.6281,0.5182,0.0526,0.9571,8364.8544,0.7193,24.3151,0.8447,0.601,1.148,8.9632,210.5326,310.3682,4
gadbis,203,203,1.7799,2.0405,0.365,0.1209,1.8212,29.0482,0.0538,0,0.3886,875.0977,1,32.2202,0.9921,0.7713,1.1264,8.4663,216.2918,65.8335,4
gadbis,204,204,1.7491,2.0046,0.3373,0.2202,1.2249,26.1365,0.0964,0,1.0702,396.2069,1,25.3388,0.9999,0.7679,1.2,8.4891,248.2337,68.965,4
gadbis,205,205,1.7716,1.9289,0.3873,0.2509,1.7896,28.4037,0.2415,0.0038,1.7093,179.931,0.9962,36.011,0.9999,0.5885,1.1778,8.4972,220.8522,44.6995,4
gadbis,206,206,1.769,1.9522,0.3671,0.2363,1.5921,28.162,1.4497,0.0931,0,579.1053,0.1744,30.2052,0.931,0.3604,1.2,8.4878,211.6441,69.7518,4
gadbis,207,207,1.7627,1.9807,0.4929,0.3465,1.8486,29.0718,0.5037,0.6525,0.8506,177.0078,0.3241,35.4861,0.9002,1.2785,0.9,8.6102,207.0524,55.5407,4
gadbis,208,208,1.7753,2.046,0.4088,0.1372,1.7778,29.1617,0.4507,0,0.2992,844.212,1,32.3121,0.9919,0.7847,1.1353,8.4694,217.4377,65.8335,4
gadbis,209,209,1.7753,2.046,0.4088,0.1372,1.7778,29.1617,0.4507,0,0.2992,844.212,1,32.3121,0.9919,0.7847,1.1353,8.4694,217.4377,65.8335,4
gadbis,210,210,1.77,2.0518,0.504,0.2323,1.8877,29.7524,1.4079,0.6424,0.2352,1196.4198,0.3545,34.4898,0.8426,1.0342,1.093,8.9839,246.3558,73.6465,4
gadbis,211,211,1.7568,1.9758,0.4977,0.3853,1.8193,28.8114,0.4271,0.4735,1.7785,128.812,0.5096,35.977,0.9491,0.9476,0.9,8.5228,211.5466,55.5407,4
gadbis,212,212,1.7545,1.9352,0.4238,0.353,1.7382,27.7042,0.1862,0,2.0223,128.797,1,36.2353,1,0.5654,1.2,8.5017,224.5432,37.4362,4
gadbis,213,213,1.7545,1.9352,0.4238,0.353,1.7382,27.7042,0.1862,0,2.0223,128.797,1,36.2353,1,0.5654,1.2,8.5017,224.5432,37.4362,4
gadbis,214,214,1.7497,1.9374,0.5164,0.4469,1.7825,28.5434,0.7199,0.6891,2.1803,100.0942,0.3109,36.278,0.9803,1.1158,0.9,8.4545,214.3362,55.5407,4
gadbis,215,215,1.7587,2.0003,0.467,0.202,1.7081,28.5657,1.1206,0.3742,0.6499,489.5892,0.6257,31.6614,0.9973,0.7863,1.1544,8.3353,222.1621,65.8335,4
gadbis,216,216,1.7587,2.0003,0.467,0.202,1.7081,28.5657,1.1206,0.3742,0.6499,489.5892,0.6257,31.6614,0.9973,0.7863,1.1544,8.3353,222.1621,65.8335,4
gadbis,217,217,1.76,2.0393,0.5214,0.2242,1.8484,29.5158,0.478,0.6671,0.1472,1054.0995,0.301,34.517,0.8484,1.077,1.1099,8.9896,251.7145,73.6465,4
gadbis,218,218,1.7548,2.012,0.5275,0.2244,1.8387,29.2757,0.2239,0.0111,0,963.0722,0.9347,34.5656,0.869,1.097,1.126,8.954,255.6018,73.6465,4
gadbis,219,219,1.7121,1.7338,0.3855,0.336,1.2035,25.4914,0.0197,0,29.3323,0.3149,1,26.6101,1,0.3772,1.2,8.5014,192.7423,62.727,4
gadbis,220,220,1.7248,1.8698,0.5056,0.2515,1.6254,27.044,0.1481,0,2.3691,29.1319,1,30.958,1,1.0973,1.1622,8.2942,212.3752,55.406,4
gadbis,221,221,1.7167,2.066,0.3751,0.269,1.224,26.2482,0.1562,0,0.8583,577.7031,1,23.2103,0.9987,0.513,1.2,8.7278,233.4256,62.727,4
gadbis,222,222,1.7265,1.9273,0.5148,0.273,1.5958,27.1665,0.2485,0,1.2232,137.4868,1,30.2945,1,0.8319,1.1657,8.215,214.1485,55.406,4
gadbis,223,223,1.7253,2.0436,0.5249,0.4217,1.7357,27.2506,0.2921,0.0357,3.4511,82.9202,0.8106,35.6727,0.9949,0.7539,1.2,8.3005,245.5303,59.2755,4
gadbis,224,224,1.74,1.9562,0.5047,0.2521,1.7863,29.2,4.6289,0.5294,0.2123,413.5515,0.353,34.7343,0.9172,1.0932,1.1481,8.8315,262.6206,73.6465,4
gadbis,225,225,1.74,1.9548,0.5047,0.2523,1.7852,29.1827,3.5157,0.7731,0.305,826.2438,0.2122,34.7358,0.9177,1.0936,1.1482,8.8301,262.6442,73.6465,4
gadbis,226,226,1.7134,2.054,0.3503,0.251,1.2725,26.7216,0.3693,0,0.6222,644.6411,1,23.5909,0.9989,0.5323,1.1994,8.6732,231.2955,62.727,4
gadbis,227,227,1.74,1.9641,0.5057,0.254,1.7841,29.1006,2.9999,0.8027,0.6962,525.9228,0.1833,34.9802,0.8925,1.1303,1.1778,8.9192,270.2578,73.6465,4
gadbis,228,228,1.74,1.9723,0.5072,0.2545,1.7816,29.0806,3.2757,0.6958,0.8101,291.2685,0.2789,34.4083,0.9765,0.8963,1.1067,8.4758,251.9003,71.1467,4
gadbis,229,229,1.7084,2.043,0.3329,0.2359,1.3054,26.9303,0.1284,0,0.9759,767.4959,1,23.8092,0.999,0.5176,1.1974,8.5965,227.5778,62.727,4
gadbis,230,230,1.7288,1.9118,0.5249,0.2952,1.7643,28.4792,0.1382,0.0104,2.1683,389.4584,0.9896,34.9082,0.8814,1.1286,1.1882,9.0135,281.9714,73.6465,4
gadbis,231,231,1.6991,1.9821,0.3049,0.2127,1.3738,27.0392,0.2011,0.0558,0.1972,3397.4458,0.8152,21.3296,0.8151,0.6228,1.1525,9.1173,214.5336,71.6484,4
gadbis,232,232,1.6991,1.9821,0.3049,0.2127,1.3738,27.0392,0.2011,0.0558,0.1972,3397.4458,0.8152,21.3296,0.8151,0.6228,1.1525,9.1173,214.5336,71.6484,4
gadbis,233,233,1.6998,2.0518,0.306,0.2121,1.3656,27.3419,0.6486,0.343,0.039,2037.8095,0.6085,20.4746,0.8054,0.634,1.1433,9.259,208.9463,62.727,4
gadbis,234,234,1.6691,1.9627,0.4581,0.2823,0.9506,23.7708,0.0949,0,4.4093,20.981,1,18.7826,0.9996,0.5144,1.2,8.8966,275.8928,60.6963,4
gadbis,235,235,1.684,2.056,0.3258,0.2416,1.3255,26.3796,0.0584,0,1.5199,1191.9136,1,17.9093,0.6713,0.7199,1.1074,9.7298,197.8684,46.7554,4
gadbis,236,236,1.684,2.056,0.3258,0.2416,1.3255,26.3796,0.0584,0,1.5199,1191.9136,1,17.9093,0.6713,0.7199,1.1074,9.7298,197.8684,46.7554,4
gadbis,237,237,1.6873,1.9813,0.3128,0.2067,1.3276,26.9603,0.0984,0.0308,0.2508,3363.0258,0.8961,21.2766,0.8149,0.6227,1.1525,9.1242,214.7718,71.6484,4
gadbis,238,238,1.66,2.3257,0.3586,0.3049,1.0456,24.6272,0.8522,0.6327,1.1892,130.9624,0.2176,19.4347,0.7662,0.5199,1.079,9.6993,217.3218,46.7554,4
gadbis,239,239,1.66,2.3257,0.3586,0.3049,1.0456,24.6272,0.8522,0.6327,1.1892,130.9624,0.2176,19.4347,0.7662,0.5199,1.079,9.6993,217.3218,46.7554,4
gadbis,240,240,1.6688,1.7936,0.3496,0.2814,1.2785,25.8561,0.176,0.0934,3.8232,10.3178,0.6625,22.3757,0.9984,0.9689,1.198,8.4375,186.463,32.7704,4
gadbis,241,241,1.66,2.0766,0.3571,0.2902,1.2561,25.7663,0.4812,0.3053,0.2237,996.9432,0.6211,17.1041,0.6161,0.6938,1.1097,9.9157,197.0188,46.7554,4
gadbis,242,242,1.6564,2.0765,0.3579,0.2916,1.2479,25.7459,0.6387,0.6557,0.421,992.407,0.3279,17.0838,0.6165,0.6915,1.1099,9.9196,197.1111,46.7554,4
gadbis,243,243,1.66,1.9757,0.3449,0.2124,1.2365,26.7131,0.2746,0.1002,0.4044,3100.8986,0.8135,21.1033,0.8026,0.6132,1.149,9.1442,216.3229,71.6484,4
gadbis,244,244,1.66,1.9757,0.3449,0.2124,1.2365,26.7131,0.2746,0.1002,0.4044,3100.8986,0.8135,21.1033,0.8026,0.6132,1.149,9.1442,216.3229,71.6484,4
gadbis,245,245,1.6498,1.9552,0.4339,0.2691,0.9939,25.2964,0.7102,0.0632,0.477,437.8719,0.7114,31.0545,0.9762,0.2825,1.2,8.814,259.9719,68.908,4
gadbis,246,246,1.6483,2.0776,0.355,0.2929,1.2188,25.5669,1.1364,0.9675,0.2536,962.9377,0.0326,16.9959,0.6143,0.6972,1.1109,9.948,197.4327,46.7554,4
gadbis,247,247,1.6483,2.0776,0.355,0.2929,1.2188,25.5669,1.1364,0.9675,0.2536,962.9377,0.0326,16.9959,0.6143,0.6972,1.1109,9.948,197.4327,46.7554,4
gadbis,248,248,1.6461,1.9585,0.4282,0.2649,1.0056,25.2908,0.2251,0,0.6725,446.4583,0.9961,30.9123,0.976,0.2884,1.2,8.8186,258.8996,68.908,4
gadbis,249,249,1.63,1.9179,0.365,0.2284,1.1512,25.7768,0.0816,0.2002,6.533,19.9602,0.5964,18.8548,0.9809,0.6148,1.2,8.9405,193.6662,71.6484,4
gadbis,250,250,1.63,1.9179,0.365,0.2284,1.1512,25.7768,0.0816,0.2002,6.533,19.9602,0.5964,18.8548,0.9809,0.6148,1.2,8.9405,193.6662,71.6484,4
gadbis,251,251,1.63,1.9518,0.4111,0.2526,1.0461,25.5246,0.2044,0.0033,0.5141,736.4536,0.9285,29.209,0.97,0.3753,1.2,8.9691,251.9761,68.908,4
gadbis,252,252,1.63,1.9518,0.4111,0.2526,1.0461,25.5246,0.2044,0.0033,0.5141,736.4536,0.9285,29.209,0.97,0.3753,1.2,8.9691,251.9761,68.908,4
gadbis,253,253,1.62,1.8992,0.4105,0.2628,1.0545,25.094,0.5002,0.3349,0.6066,242.6916,0.4725,25.795,0.8913,0.3885,1.2,9.1462,246.3545,51.7265,4
gadbis,254,254,1.6153,1.8795,0.4116,0.2729,1.0416,25.043,0.3644,0.245,0.5406,228.598,0.5784,26.204,0.899,0.3979,1.2,9.1633,249.3078,51.7265,4
gadbis,255,255,1.6101,1.8415,0.4147,0.2834,1.0202,24.6587,0.5277,0.3179,0.8383,178.2877,0.6428,28.3909,0.9335,0.2563,1.2,9.1903,263.1574,51.7265,4
